<?xml version="1.0" encoding="UTF-8"?>
<beans xmlns="http://www.springframework.org/schema/beans"
       xmlns:xsi="http://www.w3.org/2001/XMLSchema-instance"
       xmlns:context="http://www.springframework.org/schema/context"
       xmlns:mvc="http://www.springframework.org/schema/mvc"
       xsi:schemaLocation="http://www.springframework.org/schema/beans http://www.springframework.org/schema/beans/spring-beans.xsd http://www.springframework.org/schema/context http://www.springframework.org/schema/context/spring-context.xsd http://www.springframework.org/schema/mvc http://www.springframework.org/schema/mvc/spring-mvc.xsd">

    <context:component-scan base-package="submittask"/>
    <!--获取数据库配置文件-->
    <context:property-placeholder location="classpath:config/jdbc.properties"/>

    <context:annotation-config/>

    <!--设置数据源c3p0-->
    <bean id="dataSource" class="com.mchange.v2.c3p0.ComboPooledDataSource" destroy-method="close">

        <property name="driverClass" value="${jdbc.driver}"/>
        <property name="jdbcUrl" value="${jdbc.url}"/>
        <property name="user" value="${jdbc.username}"/>
        <property name="password" value="${jdbc.password}"/>
        <property name="maxPoolSize" value="50"/>
        <property name="minPoolSize" value="2"/>
        <property name="maxIdleTime" value="60"/>
    </bean>

    <!--sqlsessionFactory bean-->
    <bean id="sqlSession" class="org.mybatis.spring.SqlSessionFactoryBean">
        <property name="configLocation" value="classpath:config/mybatis/sqlMapConfig.xml"/>
        <property name="mapperLocations" value="classpath:mapper/*.xml"/>

        <property name="typeAliasesPackage" value="submittask.pojo"/>
        <property name="dataSource" ref="dataSource"/>
    </bean>

    <!--自动扫描mapper接口，并注入sqlsession-->
    <bean class="org.mybatis.spring.mapper.MapperScannerConfigurer">
        <property name="sqlSessionFactoryBeanName" value="sqlSession"/>
        <property name="basePackage" value="submittask.dao"/>
    </bean>

    <mvc:annotation-driven>
        <mvc:message-converters register-defaults="true">
            <!-- 配置Fastjson支持 -->
            <bean class="com.alibaba.fastjson.support.spring.FastJsonHttpMessageConverter">
                <property name="supportedMediaTypes">
                    <list>
                        <value>text/html;charset=UTF-8</value>
                        <value>application/json</value>
                    </list>
                </property>
                <property name="features">
                    <list>
                        <value>WriteMapNullValue</value>
                        <value>QuoteFieldNames</value>
                    </list>
                </property>
            </bean>
        </mvc:message-converters>
    </mvc:annotation-driven>

    <bean class="org.springframework.web.servlet.mvc.annotation.AnnotationMethodHandlerAdapter">
        <property name="messageConverters">
            <list>
                <bean class="org.springframework.http.converter.ByteArrayHttpMessageConverter" />
                <ref bean="stringHttpMessageConverter" />
            </list>
        </property>
    </bean>
    <bean id="stringHttpMessageConverter" class="org.springframework.http.converter.StringHttpMessageConverter">
        <property name="supportedMediaTypes">
            <list>
                <value>text/plain;charset=UTF-8</value>
            </list>
        </property>
    </bean>

</beans>