<beans xmlns="http://www.springframework.org/schema/beans"
       xmlns:xsi="http://www.w3.org/2001/XMLSchema-instance"
       xmlns:context="http://www.springframework.org/schema/context"
       xmlns:mvc="http://www.springframework.org/schema/mvc"
       xsi:schemaLocation="http://www.springframework.org/schema/beans
        http://www.springframework.org/schema/beans/spring-beans.xsd
        http://www.springframework.org/schema/context http://www.springframework.org/schema/context/spring-context.xsd http://www.springframework.org/schema/mvc http://www.springframework.org/schema/mvc/spring-mvc.xsd">

    <mvc:annotation-driven/>
<!--自动扫描控制器-->
    <context:component-scan base-package="submittask.controller"/>
    <context:component-scan base-package="submittask.dao"/>
    <context:component-scan base-package="submittask.service"/>

    <!--视图渲染-->
    <bean id="internalResourceViewResolver" class="org.springframework.web.servlet.view.InternalResourceViewResolver">
        <property name="prefix" value="/pages/"/>
        <property name="suffix" value=".jsp"/>
        <property name="order" value="1"/>
    </bean>
    <mvc:resources mapping="/css/**"    location="/pages/css/" />
    <mvc:resources mapping="/js/*.js"     location="/pages/js/"  />
    <mvc:resources mapping="/images/**"     location="/pages/images/"  />
    <mvc:resources mapping="/*.html"     location="/pages/"  />
    <mvc:default-servlet-handler/>
</beans>